<KicadtoNgspice><source><v2 name="Source type">pulse<field1 name="Initial Value">0</field1><field2 name="Pulse Value">20</field2><field3 name="Delay Time">0</field3><field4 name="Rise Time">1n</field4><field5 name="Fall Time">1n</field5><field5 name="Pulse width">5u</field5><field5 name="Period">10u</field5></v2><v1 name="Source type">dc<field1 name="Value">15</field1></v1><v_u4 name="Source type">0</v_u4><v_u3 name="Source type">0</v_u3></source><model /><devicemodel><m1><field>C:\FOSSEE\eSim\library\deviceModelLibrary\MOS\NMOS-0.5um.lib</field><field>100u</field><field>0.5u</field><field>1</field></m1><d1><field>C:\FOSSEE\eSim\library\deviceModelLibrary\Diode\schottky.lib</field></d1></devicemodel><subcircuit /><microcontroller /><analysis><ac><field1 name="Lin">true</field1><field2 name="Dec">false</field2><field3 name="Oct">false</field3><field4 name="Start Frequency" /><field5 name="Stop Frequency" /><field6 name="No. of points" /><field7 name="Start Fre Combo">Hz</field7><field8 name="Stop Fre Combo">Hz</field8></ac><dc><field1 name="Source 1" /><field2 name="Start" /><field3 name="Increment" /><field4 name="Stop" /><field5 name="Operating Point">0</field5><field6 name="Start Combo">Volts or Amperes</field6><field7 name="Increment Combo">Volts or Amperes</field7><field8 name="Stop Combo">Volts or Amperes</field8><field9 name="Source 2" /><field10 name="Start" /><field11 name="Increment" /><field12 name="Stop" /><field13 name="Start Combo">Volts or Amperes</field13><field14 name="Increment Combo">Volts or Amperes</field14><field15 name="Stop Combo">Volts or Amperes</field15></dc><tran><field1 name="Start Time">0</field1><field2 name="Step Time">100</field2><field3 name="Stop Time">12</field3><field4 name="Start Combo">sec</field4><field5 name="Step Combo">us</field5><field6 name="Stop Combo">ms</field6></tran></analysis></KicadtoNgspice>